매체	단어	빈도
폐허	폐허	3
폐허	힘	3
폐허	오	2
폐허	노래	2
폐허	끝없	2
폐허	비	2
폐허	권태	2
폐허	대지	2
폐허	생명	2
폐허	예술	2
폐허	시	2
폐허	법의	1
폐허	요코하마	1
폐허	인쇄	1
폐허	공장	1
폐허	월평	1
폐허	저수	1
폐허	정의	1
폐허	서	1
폐허	가스파르	1
폐허	하우저	1
폐허	Gaspard	1
폐허	Sings	1
폐허	RUINO	1
폐허	목동	1
폐허	시간	1
폐허	가을	1
폐허	검	1
폐허	잠	1
폐허	나무	1
신생활	혈흔	4
신생활	묘지	3
신생활	금강산	3
신생활	유기	3
신생활	살	2
신생활	영혼	2
신생활	춘원	2
신생활	민족	2
신생활	개조	2
신생활	고산	2
신생활	금강산유기	2
신생활	장안사	2
신생활	엽서	2
신생활	운동	2
신생활	제이회	1
신생활	제삼회	1
신생활	옥중음	1
신생활	남	1
신생활	러시아	1
신생활	문학	1
신생활	만주여행기	1
신생활	사성	1
신생활	기주	1
신생활	독일	1
신생활	가	1
신생활	길	1
신생활	경성	1
신생활	파	1
신생활	말	1
신생활	별	1
활천	사랑	2
활천	은밀하	1
활천	성신	1
활천	기원	1
활천	생	1
활천	법열	1
활천	악마	1
활천	무찌르	1
활천	주	1
활천	예수	1
활천	낙	1
활천	눈	1
활천	달	1
활천	측량하	1
활천	없	1
활천	주의	1
활천	주야도급륜계	1
활천	청신기	1
활천	청초	1
활천	위	1
활천	이적	1
활천	비원	1
활천	연애	1
활천	죄악	1
활천	종	1
잡지이름	작품	1
잡지이름	이름	1
신천지	탄식	2
신천지	조로	2
신천지	꿈	2
신천지	밤	2
신천지	영원	1
신천지	향수	1
신천지	사랑	1
신천지	하옇	1
신천지	담	1
신천지	밑	1
신천지	어린이	1
신천지	번민	1
신천지	노역	1
신천지	최후	1
신천지	폐허	1
신천지	야화	1
신천지	상	1
신천지	하	1
신천지	고애우	1
신천지	각성	1
신천지	추야월	1
신천지	불구자	1
신천지	인생	1
신천지	노래	1
신천지	도취	1
신천지	영아	1
신천지	비애	1
신천지	횃불	1
신천지	임과	1
신천지	봄	1
금지	민중	1
금지	영웅	1
금지	물	1
금지	긷	1
금지	처녀	1
금지	이상주의	1
금지	신인	1
금지	영우	1
금지	문답	1
금지	속	1
금지	독창가	1
금지	눈물	1
금성(1923)	노래	4
금성(1923)	눈	4
금성(1923)	죽음	4
금성(1923)	비	3
금성(1923)	새	3
금성(1923)	가을	3
금성(1923)	봄	3
금성(1923)	시	3
금성(1923)	금성	2
금성(1923)	무제	2
금성(1923)	물결	2
금성(1923)	꿈	2
금성(1923)	비밀	2
금성(1923)	투르게네프	2
금성(1923)	산문시초	2
금성(1923)	일	2
금성(1923)	빈자	2
금성(1923)	날	2
금성(1923)	육호잡기	1
금성(1923)	시집살이	1
금성(1923)	재우	1
금성(1923)	채녀	1
금성(1923)	책	1
금성(1923)	은행나무	1
금성(1923)	그늘	1
금성(1923)	어머니	1
금성(1923)	생각	1
금성(1923)	석양	1
금성(1923)	적성	1
금성(1923)	손가락질하	1
여자시론	개조	2
여자시론	여자	2
여자시론	머리	1
여자시론	생활	1
여자시론	안방	1
여자시론	주인	1
여자시론	마님	1
여자시론	꿈	1
여자시론	보	1
여자시론	편지	1
여자시론	내용	1
여자시론	사랑스럽	1
여자시론	동생	1
여자시론	OO	1
여자시론	계시	1
여자시론	형	1
여자시론	조선	1
여자시론	처지	1
여자시론	여걸	1
여자시론	생애	1
여자시론	축여자	1
여자시론	창간	1
여자시론	울	1
신소년	어부	1
신소년	처	1
신소년	마지막	1
신소년	화륜	1
신소년	어리석	1
신소년	자유	1
신소년	명예롭	1
신소년	훈장	1
신소년	아버지	1
신소년	초상	1
신소년	참말	1
신소년	시험	1
신소년	노예	1
신소년	사	1
신소년	자	1
신소년	어머니	1
신소년	찾	1
신소년	삼만리	1
신소년	신통	1
신소년	지혜	1
신민공론	일	3
신민공론	형	2
신민공론	길	2
신민공론	추억	2
신민공론	오	2
신민공론	임	2
신민공론	해지	1
신민공론	갈색	1
신민공론	노래	1
신민공론	혈서	1
신민공론	계룡산	1
신민공론	부여	1
신민공론	초로인생	1
신민공론	집	1
신민공론	예의	1
신민공론	하	1
신민공론	험하	1
신민공론	문화	1
신민공론	주의	1
신민공론	고조	1
신민공론	마향	1
신민공론	열자	1
신민공론	읽	1
신민공론	암루일	1
신민공론	연경취화	1
신민공론	미래파	1
신민공론	예술	1
신민공론	애인	1
신민공론	정조	1
신민공론	쿠스민	1
조선종교공론	명승	1
조선종교공론	미담	1
조선종교공론	일화	1
조선종교공론	조선	1
조선종교공론	불교	1
조선종교공론	문화	1
조선종교공론	일체경	1
조선종교공론	전부	1
조선종교공론	문학	1
조선종교공론	보	1
아성	청년	4
아성	생활	3
아성	사상	2
아성	봄	2
아성	부형	2
아성	아우	2
아성	시조	2
아성	문화	2
아성	조선	2
아성	문학사	2
아성	속	2
아성	소피아	2
아성	페로부스카이아	2
아성	동정자	2
아성	또래	2
아성	드리	2
아성	살	2
아성	언어	1
아성	천성	1
아성	지성	1
아성	평론	1
아성	재산	1
아성	송가	1
아성	근대	1
아성	문예	1
아성	자아	1
아성	창조	1
아성	바벨탑	1
아성	시나성	1
아성	폐병자	1
동명	처녀	29
동명	빨래하	28
동명	선생	13
동명	오	12
동명	아침	12
동명	도화선전기	9
동명	일요일	8
동명	스케이트	8
동명	서리	8
동명	보	8
동명	집	7
동명	원조	7
동명	연	7
동명	날리	7
동명	입학	6
동명	게으르	6
동명	태형	5
동명	감상기	5
동명	하루	5
동명	하늘	5
동명	속	5
동명	조선신교원류고	5
동명	위대하	4
동명	옥중기	4
동명	동기	4
동명	휴가	4
동명	감상	4
동명	어머니	4
동명	되	4
동명	달맞이	4
취산보림	속	4
취산보림	옥하사담	3
취산보림	조선	3
취산보림	문학사	3
취산보림	개론	3
취산보림	혈가사	3
취산보림	취산	2
취산보림	독하	2
취산보림	축보림	2
취산보림	재화	1
취산보림	꿈	1
취산보림	평상심시	1
취산보림	작일	1
취산보림	금일	1
취산보림	급	1
취산보림	명일	1
취산보림	우	1
취산보림	오후	1
취산보림	보림	1
취산보림	제일호	1
취산보림	무료	1
취산보림	극장	1
취산보림	제삼	1
취산보림	봄	1
취산보림	노래	1
취산보림	종교관	1
취산보림	추상	1
취산보림	일념	1
취산보림	기보림가	1
취산보림	월하	1
조선지광	만필	1
조선지광	하	1
조선지광	문제	1
조선지광	조선	1
조선지광	황금	1
조선지광	죄	1
조선지광	충신	1
조선지광	요한	1
조선지광	노래	1
어린이	이야기	14
어린이	개	4
어린이	노래	4
어린이	귀신	4
어린이	사람	4
어린이	크	4
어린이	선생	3
어린이	눈	3
어린이	생각	3
어린이	꽃	3
어린이	작	3
어린이	오성	3
어린이	한음	3
어린이	가을밤	2
어린이	오	2
어린이	프랑스	2
어린이	아버지	2
어린이	편지	2
어린이	어리	2
어린이	속	2
어린이	백일홍	2
어린이	부르	2
어린이	불쌍하	2
어린이	새	2
어린이	비	2
어린이	생명	2
어린이	주머니	2
어린이	물망초	2
어린이	소녀	2
어린이	황금	2
시촌	꽃	2
시촌	오	2
시촌	가을	2
시촌	웃음	2
시촌	구경하	1
시촌	길	1
시촌	인생	1
시촌	밑	1
시촌	자리	1
시촌	광야	1
시촌	북악	1
시촌	다녀오	1
시촌	바람	1
시촌	국화	1
시촌	눈물	1
시촌	세상	1
시촌	밝	1
시촌	달	1
시촌	뛰	1
시촌	새벽	1
시촌	빛	1
시촌	생	1
시촌	사	1
시촌	장미	1
시촌	칼	1
시촌	끝	1
시촌	피	1
시촌	가슴	1
시촌	타	1
시촌	불	1
시조	속	6
시조	서신	5
시조	문학	4
시조	기이하	4
시조	기회	4
시조	청량리	3
시조	어리	2
시조	주	2
시조	수남	2
시조	복동	2
시조	분노	1
시조	전속	1
시조	빈궁	1
시조	몸	1
시조	살찌우	1
시조	편단	1
시조	실리	1
시조	혼	1
시조	폐허	1
시조	돌아가	1
시조	교상	1
시조	암양	1
시조	새끼	1
시조	잃	1
시조	강촌	1
시조	은야공	1
시조	권서전	1
시조	도서	1
시조	성서	1
시조	가을	1
지기금지	정성	1
지기금지	인생	1
지기금지	보국안민	1
지기금지	유감	1
영우	한가롭	1
영우	날	1
서광	사회	3
서광	하	2
서광	받	2
서광	노래	2
서광	없	2
서광	인생	2
서광	죽	2
서광	소녀	2
서광	누이	2
서광	자연	2
서광	보	2
서광	발가벗	1
서광	나무	1
서광	그늘	1
서광	아침	1
서광	천치	1
서광	쫓기	1
서광	활기	1
서광	과격	1
서광	호수령	1
서광	레닌	1
서광	마력	1
서광	아이	1
서광	엄마	1
서광	워싱턴	1
서광	일사	1
서광	가냘프	1
서광	웃음	1
서광	비판	1
서광	울	1
농민(1923)	농촌	1
농민(1923)	포식시	1
공제	노래	2
공제	수양	1
공제	남색	1
공제	안	1
공제	생명	1
공제	사랑	1
공제	톨스토이	1
공제	사상	1
공제	촌감	1
공제	수레	1
공제	뒤	1
공제	뱀	1
공제	물리	1
공제	참새	1
조선문단	문단	5
조선문단	노래	4
조선문단	문학	4
조선문단	때	3
조선문단	해외	3
조선문단	소식	3
조선문단	문사	3
조선문단	모양	3
조선문단	바람	3
조선문단	권두사	3
조선문단	강화	3
조선문단	일	3
조선문단	가을	3
조선문단	짓	3
조선문단	가	2
조선문단	오셀로	2
조선문단	선생	2
조선문단	편집여언	2
조선문단	죽음	2
조선문단	시	2
조선문단	비	2
조선문단	애인	2
조선문단	생각하	2
조선문단	반딧불	2
조선문단	소설	2
조선문단	선후감	2
조선문단	벗	2
조선문단	흉년	2
조선문단	누님	2
조선문단	보	2
신건설	한실	1
신건설	부흥	1
신건설	오장원	1
신건설	우장위안	1
신건설	보내	1
신건설	동경	1
신건설	창간	1
신건설	제하	1
신건설	누리	1
신건설	무산	1
신건설	영상	1
조선불교총보	금진홍악노사	1
조선불교총보	방문기	1
백조	별	3
백조	꿈	3
백조	나라	3
백조	침실	2
백조	죽음	2
백조	마음	2
백조	표박	2
백조	꽃	2
백조	살로메	2
백조	생	2
백조	흐르	2
백조	만가	1
백조	영원	1
백조	승방몽	1
백조	돌아가	1
백조	명호	1
백조	아문단	1
백조	부월평	1
백조	노기	1
백조	목메	1
백조	여자	1
백조	사	1
백조	예찬	1
백조	애도아창	1
백조	아프	1
백조	가심	1
백조	권태	1
백조	떨어지	1
백조	붓	1
백조	따르	1
시사평론	죽음	6
시사평론	비	4
시사평론	박명희	4
시사평론	가을	3
시사평론	베르테르	3
시사평론	나그네	3
시사평론	요	3
시사평론	인생	2
시사평론	오	2
시사평론	밤	2
시사평론	추억	2
시사평론	반영	2
시사평론	신성하	2
시사평론	친구	1
시사평론	일기장	1
시사평론	해	1
시사평론	저물	1
시사평론	때	1
시사평론	시작	1
시사평론	대하	1
시사평론	행로	1
시사평론	청춘	1
시사평론	허송하	1
시사평론	선언	1
시사평론	현해탄	1
시사평론	건너	1
시사평론	몽중	1
시사평론	애인	1
시사평론	숙명	1
시사평론	억망	1
계명	현대	1
계명	여야	1
계명	차	1
계명	꽃	1
계명	목숨	1
계명	눈물	1
계명	이슬	1
계명	도성	1
청년	사랑	18
청년	시	16
청년	승리	14
청년	이	13
청년	성	12
청년	아시시	11
청년	성자	11
청년	프란치스코	11
청년	일	9
청년	오	7
청년	어린아이	7
청년	단편	7
청년	유아	6
청년	노동자	6
청년	고담	6
청년	사	5
청년	선생	5
청년	허위	5
청년	해동명공유사	5
청년	선구	5
청년	봄	5
청년	톨스토이	4
청년	인생	4
청년	꿈	4
청년	연애	4
청년	아침	4
청년	동경	4
청년	인생관	4
청년	조선고금	4
청년	가을	4
조선(조선문)	초당	8
조선(조선문)	한화	8
조선(조선문)	소감	8
조선(조선문)	시찰	7
조선(조선문)	하	4
조선(조선문)	평북산견	4
조선(조선문)	여신	3
조선(조선문)	강계	2
조선(조선문)	구경하	2
조선(조선문)	후	2
조선(조선문)	기일	2
조선(조선문)	대하	2
조선(조선문)	희망	2
조선(조선문)	여행	2
조선(조선문)	일지	2
조선(조선문)	감상	2
조선(조선문)	삼인지언	1
조선(조선문)	필종	1
조선(조선문)	일인지언	1
조선(조선문)	구미만유소감	1
조선(조선문)	상	1
조선(조선문)	구세	1
조선(조선문)	송하	1
조선(조선문)	신춘	1
조선(조선문)	제야	1
조선(조선문)	감	1
조선(조선문)	권업	1
조선(조선문)	야화	1
조선(조선문)	대만	1
조선(조선문)	약기	1
장미촌	장미촌	2
장미촌	오뇌	1
장미촌	청춘	1
장미촌	우윳빛	1
장미촌	거리	1
장미촌	밤하늘	1
장미촌	피어오	1
장미촌	장미	1
장미촌	과거	1
장미촌	왕국	1
장미촌	적	1
장미촌	비곡	1
장미촌	콜럼버스	1
장미촌	생	1
장미촌	초첨	1
장미촌	최후	1
장미촌	고향	1
장미촌	신월	1
장미촌	야곡	1
장미촌	춘	1
장미촌	제일일	1
장미촌	여명	1
장미촌	향연	1
장미촌	서곡	1
영대	세계	24
영대	시고	24
영대	인생	5
영대	유서	4
영대	예술	4
영대	향기	4
영대	묵	4
영대	일기책	4
영대	달	3
영대	말하	3
영대	노래	3
영대	황혼	3
영대	경구	3
영대	대화	2
영대	생	2
영대	사랑	2
영대	애락아	2
영대	눈	1
영대	순간	1
영대	자연	1
영대	글자	1
영대	마지막	1
영대	오후	1
영대	객마차	1
영대	Ⅳ	1
영대	사월	1
영대	산책	1
영대	음악	1
영대	색채	1
영대	방향	1
산업계	산업	3
산업계	아버님	2
산업계	밤	2
산업계	비	2
산업계	회고	2
산업계	길	2
산업계	가두	1
산업계	세모	1
산업계	소년	1
산업계	슬픔	1
산업계	의식	1
산업계	모순	1
산업계	실현하	1
산업계	홍수	1
산업계	당하	1
산업계	생활	1
산업계	그러	1
산업계	살	1
산업계	있	1
산업계	돌아가	1
산업계	봉천	1
산업계	경성	1
산업계	기갈	1
산업계	정점	1
산업계	입	1
산업계	하	1
산업계	장독	1
산업계	바느질	1
산업계	간	1
산업계	개재하	1
신여성	여름	5
신여성	여자	4
신여성	결혼	4
신여성	대하	3
신여성	날	3
신여성	저녁	3
신여성	코코	3
신여성	가을	3
신여성	은파리	3
신여성	이야기	3
신여성	사랑	2
신여성	맹세	2
신여성	하늘	2
신여성	공개	2
신여성	하	2
신여성	해	2
신여성	비밀	2
신여성	없	2
신여성	떠나가	2
신여성	무제	2
신여성	땀	1
신여성	되	1
신여성	흘리	1
신여성	맵	1
신여성	신혼	1
신여성	노래	1
신여성	악극	1
신여성	로엔그린	1
신여성	연애	1
신여성	기타	1
부인	부인	8
부인	여자	5
부인	계시	4
부인	아내	3
부인	남편	3
부인	대하	3
부인	어머님	3
부인	하	3
부인	자장가	2
부인	가정	2
부인	속	2
부인	타	2
부인	심정	2
부인	보	2
부인	누님	2
부인	돌아오	2
부인	결혼	2
부인	어떻	2
부인	문제	2
부인	동무	2
부인	따르	2
부인	사람	2
부인	여권	2
부인	남녀	2
부인	프시케	2
부인	색시	2
부인	이야기	2
부인	벗	2
부인	살림살이	2
부인	현대	2
신학지남	고등	1
신학지남	비평	1
신학지남	금주가	1
신학지남	찰스	1
신학지남	시몬	1
신학지남	사	1
신학지남	금주	1
신학지남	대하	1
신학지남	말	1
신학지남	스바느로	1
상공세계	예술	2
상공세계	상공업	1
상공세계	융화점	1
상공세계	자동차왕	1
상공세계	만년	1
상공세계	상공세계	1
상공세계	발행하	1
상공세계	소연	1
상공세계	동아	1
상공세계	부인	1
상공세계	상회	1
상공세계	은행	1
상공세계	무엇하	1
상공세계	광고	1
상공세계	회화	1
상공세계	운동	1
폐허이후	독어	7
폐허이후	봄날	7
폐허이후	부르	7
폐허이후	노래	7
폐허이후	허무혼	3
폐허이후	눈	2
폐허이후	폐허	2
폐허이후	봄	2
폐허이후	잊	1
폐허이후	없	1
폐허이후	사람	1
폐허이후	필주	1
폐허이후	동인기	1
폐허이후	위	1
폐허이후	그때	1
폐허이후	이유	1
폐허이후	비	1
폐허이후	오	1
폐허이후	날	1
폐허이후	아기	1
폐허이후	버릇	1
폐허이후	유의	1
폐허이후	구경	1
폐허이후	해안	1
폐허이후	신월서	1
폐허이후	기적	1
폐허이후	불	1
폐허이후	때	1
폐허이후	개성	1
폐허이후	미소	1
대중시보	애인	1
대중시보	윤곽	1
대중시보	국가	1
대중시보	급	1
대중시보	정치	1
대중시보	생물	1
대중시보	심리학	1
대중시보	고찰	1
대중시보	일본	1
대중시보	정치급	1
대중시보	정당	1
대중시보	흙	1
대중시보	향연	1
불일	불교	2
불일	속	2
불일	사상	1
불일	개조	1
불일	문제	1
불일	대하	1
불일	개념	1
불일	여성관	1
불일	불일	1
불일	선생	1
불일	맡	1
불일	되	1
불일	즐거움	1
불일	석가전	1
학생계	이야기	18
학생계	과학	6
학생계	표박	5
학생계	크리스마스	5
학생계	학생	5
학생계	밤	5
학생계	고향	4
학생계	문학	4
학생계	아침	4
학생계	전율탑	4
학생계	사람	4
학생계	여름	4
학생계	황산야전	4
학생계	레닌	3
학생계	영국	3
학생계	총리	3
학생계	대신	3
학생계	프랑스	3
학생계	소년	3
학생계	시대	3
학생계	어리	3
학생계	처녀	3
학생계	마을	3
학생계	시	3
학생계	황혼	3
학생계	형	3
학생계	대하	3
학생계	추억	3
학생계	사	3
학생계	꿈	3
천도교회월보	일	15
천도교회월보	사람	15
천도교회월보	부인	14
천도교회월보	형	13
천도교회월보	계시	11
천도교회월보	하	11
천도교회월보	믿	10
천도교회월보	사랑	8
천도교회월보	시골	8
천도교회월보	무극송	8
천도교회월보	마음	8
천도교회월보	정성	7
천도교회월보	속	7
천도교회월보	교	7
천도교회월보	ㄷ	7
천도교회월보	눈물	6
천도교회월보	되	6
천도교회월보	한울	6
천도교회월보	대하	6
천도교회월보	이	6
천도교회월보	기도	6
천도교회월보	길	5
천도교회월보	보	5
천도교회월보	가을	5
천도교회월보	실기	5
천도교회월보	ㅈ	5
천도교회월보	경성	4
천도교회월보	크	4
천도교회월보	느낌	4
천도교회월보	잡감	4
근화	벗	4
근화	땅	2
근화	오	2
근화	글	2
근화	받	2
근화	느낌	2
근화	뜨겁	2
근화	불꽃	2
근화	참사랑	2
근화	새벽빛	2
근화	야색	2
근화	귀여움	2
근화	신	2
근화	명령	2
근화	잿빛	2
근화	구름	2
근화	사랑하	2
조음	가을밤	1
조음	산옹	1
조음	부	1
조음	무료	1
조음	극장	1
조음	김	1
조음	ㄹ	1
조음	선생	1
조음	월야	1
조음	감회	1
조음	안양동대	1
조음	혈가사	1
조음	속	1
조음	하루	1
조음	상처	1
신여자	여자	2
신여자	처녀	2
신여자	가	2
신여자	누의님	1
신여자	위하	1
신여자	알	1
신여자	낫	1
신여자	도미하	1
신여자	사람	1
신여자	생각하	1
신여자	새누리	1
신여자	엘니아	1
신여자	부부	1
신여자	내일	1
신여자	길	1
신여자	계시	1
신여자	메리	1
신여자	라욘	1
신여자	여사전	1
신여자	새벽	1
신여자	수향	1
신여자	황혼	1
신여자	화원	1
신여자	어머니	1
신여자	무덤	1
신여자	동생	1
신여자	죽음	1
신여자	희생되	1
신여자	속	1
서울	밤	3
서울	마음	3
서울	약하	3
서울	떠나	2
서울	풀	2
서울	석양	2
서울	자여	2
서울	평양	1
서울	동경	1
서울	남산	1
서울	일모하	1
서울	가난하	1
서울	벗	1
서울	투르게네프	1
서울	플로베르	1
서울	톨스토이	1
서울	악마	1
서울	저주	1
서울	개원	1
서울	심촌	1
서울	성모	1
서울	마리아	1
서울	전	1
서울	세상	1
서울	어머님	1
서울	영위	1
서울	올리	1
서울	말	1
서울	회개하	1
서울	죄인	1
세광	기원	6
세광	시	6
세광	천지	4
세광	죄악	2
세광	창조기	2
세광	로엘	2
세광	소목	1
세광	봄	1
세광	추월야	1
세광	제이	1
세광	제일	1
세광	기사	1
세광	기삼	1
세광	기이	1
세광	기일	1
세광	초월	1
세광	웨드쓰옷	1
세광	만년	1
세광	애	1
세광	조국	1
세광	보혈	1
세광	능력	1
세광	톨스토이	1
세광	아이	1
세광	지혜	1
세광	속	1
세광	종교	1
세광	춘천	1
세광	강색	1
세광	조년가	1
개벽	보	31
개벽	가을	21
개벽	햄릿	19
개벽	문학	18
개벽	속	16
개벽	예술	13
개벽	세계	13
개벽	밤	13
개벽	문단	12
개벽	물	12
개벽	넘	11
개벽	사람	11
개벽	문예	11
개벽	봄	10
개벽	노래	10
개벽	때	10
개벽	형	10
개벽	경성	10
개벽	산	10
개벽	눈물	9
개벽	조선	9
개벽	근대	9
개벽	하	9
개벽	사회	9
개벽	지새	9
개벽	안개	9
개벽	눈	8
개벽	오	8
개벽	가	8
개벽	일주	8
신생명(1923)	영혼	11
신생명(1923)	경매	11
신생명(1923)	사랑	4
신생명(1923)	일	3
신생명(1923)	소감	3
신생명(1923)	속	3
신생명(1923)	성전	3
신생명(1923)	몸	2
신생명(1923)	진리	2
신생명(1923)	봄	2
신생명(1923)	종교	2
신생명(1923)	사회	2
신생명(1923)	문학	2
신생명(1923)	발전	2
신생명(1923)	없	2
신생명(1923)	오	2
신생명(1923)	고백	1
신생명(1923)	꿈속	1
신생명(1923)	들	1
신생명(1923)	설움	1
신생명(1923)	십이월	1
신생명(1923)	시들	1
신생명(1923)	소식	1
신생명(1923)	붉	1
신생명(1923)	구두	1
신생명(1923)	하	1
신생명(1923)	예수	1
신생명(1923)	근본의	1
신생명(1923)	의의	1
신생명(1923)	인격	1
원예지우	가을	1
원예지우	지나가	1
원예지우	자취	1
원예지우	말	1
원예지우	못하	1
원예지우	가슴	1
가정잡지(1922)	욕심	1
가정잡지(1922)	많	1
가정잡지(1922)	앵무새	1
가정잡지(1922)	별나	1
가정잡지(1922)	라	1
유도	경세	2
유도	동화	1
유도	사회	1
유도	명사	1
유도	방문기	1
유도	있	1
유도	동포	1
유도	고려촌	1
유도	사적	1
유도	열부	1
유도	사명전	1
유도	촌철록	1
유도	축유도군	1
유도	오륜가	1
화요보	글	1
화요보	꽃씨	1
화요보	뿌리	1
화요보	이렇	1
화요보	어떠하	1
화요보	작	1
화요보	죽	1
화요보	뜻	1
공영	독자	5
공영	문단	5
공영	병상	5
공영	아이	3
공영	톨스토이	3
공영	일생	3
공영	인도주의	3
공영	일	3
공영	옥순	3
공영	죽음	3
공영	이	3
공영	회고	3
공영	자연주의	2
공영	제비	2
공영	나물	2
공영	캐	2
공영	서	2
공영	형	2
공영	미로	2
공영	전삼막	2
공영	오	2
공영	방랑	2
공영	캅카스	2
공영	포로	2
공영	이회	2
공영	문예개관	2
공영	사	2
공영	표현주의	1
공영	홍수	1
공영	집	1
부녀지광	처녀	2
부녀지광	자매	2
부녀지광	순자	1
부녀지광	운명	1
부녀지광	최	1
부녀지광	마음	1
부녀지광	외롭	1
부녀지광	눈물	1
부녀지광	평화롭	1
부녀지광	독신	1
부녀지광	성애	1
부녀지광	현상	1
부녀지광	꿈	1
부녀지광	결혼	1
부녀지광	일	1
부녀지광	생각	1
부녀지광	장미	1
